<?xml version="1.0" encoding="UTF-8"?>
<beans:beans xmlns="http://www.springframework.org/schema/mvc"
	xmlns:xsi="http://www.w3.org/2001/XMLSchema-instance"
	xmlns:beans="http://www.springframework.org/schema/beans"
	xmlns:context="http://www.springframework.org/schema/context"
	xsi:schemaLocation="http://www.springframework.org/schema/mvc https://www.springframework.org/schema/mvc/spring-mvc.xsd
		http://www.springframework.org/schema/beans https://www.springframework.org/schema/beans/spring-beans.xsd
		http://www.springframework.org/schema/context https://www.springframework.org/schema/context/spring-context.xsd">

	<!-- DispatcherServlet Context: defines this servlet's request-processing infrastructure -->
	
	<!-- Enables the Spring MVC @Controller programming model -->
	<annotation-driven />

	<!-- Handles HTTP GET requests for /resources/** by efficiently serving up static resources in the ${webappRoot}/resources directory -->
	<resources mapping="/images/**" location="/WEB-INF/images/" />

	<!-- Resolves views selected for rendering by @Controllers to .jsp resources in the /WEB-INF/views directory -->
	<beans:bean class="org.springframework.web.servlet.view.InternalResourceViewResolver">
		<beans:property name="prefix" value="/WEB-INF/views/" />
		<beans:property name="suffix" value=".jsp" />
	</beans:bean>
	
	<context:component-scan base-package="com.coderby.myapp" />
	
	<interceptors>
		<interceptor>
			<mapping path="/hr/**"/>
			<exclude-mapping path="/hr/insert"/>
			<beans:bean class="com.coderby.myapp.PageViewLogInterceptor"/>
		</interceptor>
	</interceptors>
	
	<view-controller path="/hr/form/input" view-name="hr/form"/>
	
	<beans:bean class="org.springframework.web.servlet.mvc.method.annotation.RequestMappingHandlerAdapter">
		<beans:property name="messageConverters">
			<beans:list>
				<beans:bean class="org.springframework.http.converter.json.MappingJackson2HttpMessageConverter">
					<beans:property name="supportedMediaTypes">
						<beans:list>
							<beans:value>text/html;charset=UTF-8</beans:value>
							<beans:value>application/json;charset=UTF-8</beans:value>
						</beans:list>
					</beans:property>
				</beans:bean>
			</beans:list>
		</beans:property>
	</beans:bean>
	
</beans:beans>
